<?xml version="1.0"?>
<messaging-emoticon-map >


<emoticon file="smile-32">
	<string>:out:</string>
</emoticon>
<emoticon file="smile-62">
	<string>:shocked:</string>
</emoticon>
<emoticon file="smile-49">
	<string>:wow:</string>
</emoticon>
<emoticon file="smile-01">
	<string>:kissed:</string>
</emoticon>
<emoticon file="smile-14">
	<string>:yoyo:</string>
</emoticon>
<emoticon file="smile-24">
	<string>:angel:</string>
</emoticon>
<emoticon file="smile-17">
	<string>:crazy:</string>
</emoticon>
<emoticon file="offtopic">
	<string>:offtopic:</string>
</emoticon>
<emoticon file="smile-12">
	<string>:where:</string>
</emoticon>
<emoticon file="smile-03">
	<string>:-D</string>
</emoticon>
<emoticon file="smile-48">
	<string>:boombastic:</string>
</emoticon>
<emoticon file="smile-15">
	<string>:fraer:</string>
</emoticon>
<emoticon file="smile-28">
	<string>:2super:</string>
</emoticon>
<emoticon file="smile-47">
	<string>:search:</string>
</emoticon>
<emoticon file="smile-05">
	<string>:pshaw:</string>
</emoticon>
<emoticon file="smile-08">
	<string>:passing:</string>
</emoticon>
<emoticon file="smile-44">
	<string>:happens:</string>
</emoticon>
<emoticon file="smile-61">
	<string>:dont_know:</string>
</emoticon>
<emoticon file="smoking">
	<string>:smoking:</string>
</emoticon>
<emoticon file="smile-34">
	<string>:pleased:</string>
</emoticon>
<emoticon file="smile-46">
	<string>:hid:</string>
</emoticon>
<emoticon file="smile-59">
	<string>:)</string>
</emoticon>
<emoticon file="smile-37">
	<string>:mumble:</string>
</emoticon>
<emoticon file="smile-25">
	<string>:heart:</string>
</emoticon>
<emoticon file="smile-06">
	<string>:confused:</string>
</emoticon>
<emoticon file="64">
	<string>:hmmm:</string>
</emoticon>
<emoticon file="go-next">
	<string>:->:</string>
</emoticon>
<emoticon file="smile-07">
	<string>:bomb:</string>
</emoticon>
<emoticon file="smile-18">
	<string>:dancer:</string>
</emoticon>
<emoticon file="smile-54">
	<string>:(</string>
</emoticon>
<emoticon file="smile-23">
	<string>:gamer:</string>
</emoticon>
<emoticon file="smile-31">
	<string>:chin-chin:</string>
</emoticon>
<emoticon file="smile-63">
	<string>:very_shocked:</string>
</emoticon>
<emoticon file="smile-53">
	<string>:beer:</string>
</emoticon>
<emoticon file="smile-40">
	<string>:D</string>
</emoticon>
<emoticon file="smile-19">
	<string>:wall:</string>
</emoticon>
<emoticon file="smile-50">
	<string>:yeah:</string>
</emoticon>
<emoticon file="smile-43">
	<string>:sludge:</string>
</emoticon>
<emoticon file="smile-38">
	<string>:write:</string>
</emoticon>
<emoticon file="smile-41">
	<string>:music:</string>
</emoticon>
<emoticon file="smile-22">
	<string>:stupid:</string>
</emoticon>
<emoticon file="smile-16">
	<string>:roar:</string>
</emoticon>
<emoticon file="smile-29">
	<string>:verynice:</string>
</emoticon>
<emoticon file="smile-51">
	<string>:delicious:</string>
</emoticon>
<emoticon file="smile-21">
	<string>:fool:</string>
</emoticon>
<emoticon file="smile-13">
	<string>:bat:</string>
</emoticon>
<emoticon file="smile-55">
	<string>:think:</string>
</emoticon>
<emoticon file="">
</emoticon>
<emoticon file="smile-26">
	<string>:dencer:</string>
</emoticon>
<emoticon file="smile-02">
	<string>:mybad:</string>
</emoticon>
<emoticon file="smile-11">
	<string>;)</string>
</emoticon>
<emoticon file="smile-39">
	<string>:kisses:</string>
</emoticon>
<emoticon file="smile-33">
	<string>:hi:</string>
</emoticon>
<emoticon file="smile-27">
	<string>:rose:</string>
</emoticon>
<emoticon file="smile-52">
	<string>:very_funny:</string>
</emoticon>
<emoticon file="smile-20">
	<string>:devil:</string>
</emoticon>
<emoticon file="smile-09">
	<string>:bye:</string>
</emoticon>
<emoticon file="smile-35">
	<string>:dander:</string>
</emoticon>
<emoticon file="smile-42">
	<string>:nono:</string>
</emoticon>
<emoticon file="smile-57">
	<string>:Oo:</string>
</emoticon>
<emoticon file="smile-56">
	<string>:whisper:</string>
</emoticon>
<emoticon file="smile-58">
	<string>:help:</string>
</emoticon>
<emoticon file="smile-30">
	<string>:nobody:</string>
</emoticon>
<emoticon file="smile-04">
</emoticon>
<emoticon file="smile-10">
	<string>:invoke:</string>
</emoticon>
<emoticon file="smile-36">
	<string>:lol:</string>
</emoticon>
<emoticon file="smile-60">
	<string>:guilty:</string>
</emoticon>

</messaging-emoticon-map>
